Segundos, R, G, B
0, 101.395996928015, 62.0856537122125,71.5864683491001
0.0333333333333333, 101.392214208998, 62.0825387282382,71.5810296471768
0.0666666666666667, 101.397956730366, 62.0827757741784,71.5843783384168
0.1, 101.376479032716, 62.0905248393492,71.5646167198248
0.133333333333333, 101.376425613913, 62.0912960733236,71.5687533384157
0.166666666666667, 101.379760950451, 62.0901709397765,71.576148504015
0.2, 101.376829593614, 62.0897035252466,71.5709401706812
0.233333333333333, 101.830271767765, 60.7195446043251,73.0554019764132
0.266666666666667, 101.796250667338, 60.6797743051798,73.2544537926616
0.3, 101.804487179089, 60.6794037122312,73.395335870654
0.333333333333333, 101.837139422679, 60.6243756673598,73.5914162659563
0.366666666666667, 101.854801014559, 60.5930021363773,73.6672943375435
0.4, 102.269811698315, 60.5775841342404,74.2275841345607
0.433333333333333, 102.146387553017, 60.6274338938553,74.1031817574226
0.466666666666667, 103.813928952578, 63.1532552079155,76.8187733706793
0.5, 103.772996794459, 63.117190838258,76.7759381676873
0.533333333333333, 103.810323183348, 63.0917000530022,76.8557491986703
0.566666666666667, 103.813969016681, 63.0966446309935,76.8571280715335
0.6, 103.811384882066, 63.0940771897543,76.8655782584994
0.633333333333333, 103.793205795527, 63.0995092143268,76.865401308713
0.666666666666667, 103.782405181211, 63.1095920134719,76.8274338941834
0.7, 103.780886083989, 63.1136818906086,76.8240985576449
0.733333333333333, 100.923313968651, 61.481764155589,75.0187700319599
0.766666666666667, 100.932411858608, 61.482108039136,75.0277811163624
0.8, 100.930298477198, 61.4818542998197,75.0258046206359
0.833333333333333, 100.933069577625, 61.4823050209735,75.0287393161487
0.866666666666667, 100.92846220583, 61.4828659184094,75.0253205127297
0.9, 100.92923677848, 61.4832532047342,75.0255608973452
0.933333333333333, 100.926055021001, 61.4841179216145,75.0247696313194
0.966666666666667, 101.677073316941, 61.2175280444841,75.6337272969458
1, 101.680969550915, 61.2160456726893,75.644851762758
1.03333333333333, 101.679263487881, 61.2163795402106,75.6410990918178
1.06666666666667, 101.681891025274, 61.2160657047406,75.6447115383991
1.1, 101.679470485744, 61.2159889152106,75.6407218215186
1.13333333333333, 101.678679219719, 61.2187199515355,75.6409955928861
1.16666666666667, 101.679143295574, 61.2188301278176,75.6411858973734
1.2, 101.677046607539, 61.2188167731167,75.6371127136127
1.23333333333333, 104.97331730729, 63.2474425743703,79.1390024038432
1.26666666666667, 104.975631009213, 63.2493422805669,79.1410089476467
1.3, 104.97199185323, 63.2438802079174,79.1366152510655
1.33333333333333, 104.955608973957, 63.2312366448834,79.1205395299118
1.36666666666667, 104.94276509041, 63.2368055551397,79.1277510683731
1.4, 104.950597622461, 63.230825987832,79.1598323985008
1.43333333333333, 104.919504540197, 63.2509982634725,79.1322616185851
1.46666666666667, 104.502657585086, 62.9583400102716,79.3066306089659
1.5, 104.510713808376, 62.9656517089894,79.3160790598206
1.53333333333333, 104.508386751752, 62.9576756139041,79.3156083066152
1.56666666666667, 104.480368589359, 62.9414997324942,79.279760950846
1.6, 104.498123664146, 62.9340277773663,79.3320913461456
1.63333333333333, 104.48905248359, 62.93502270258,79.3254607371711
1.66666666666667, 104.485914128889, 62.9389222752294,79.328024839735
1.7, 104.46358506906, 62.9518095615539,79.3064569978545
1.73333333333333, 103.35866386182, 63.0206396897572,78.8562433226308
1.76666666666667, 103.349969951564, 63.0272068639023,78.8478265224171
1.8, 103.36694377635, 63.0082431886891,78.8771000266904
1.83333333333333, 103.352524038102, 62.9979767624071,78.8811631944265
1.86666666666667, 103.305939502846, 63.0266159183896,78.8516559828862
1.9, 103.303165063744, 63.0355168265091,78.8429153311747
1.93333333333333, 103.272753071223, 63.0634915861241,78.8080829326712
1.96666666666667, 103.051959802004, 63.4077958062064,79.3221654647302
2, 103.05346220585, 63.4101395562064,79.3224659454994
2.03333333333333, 103.055505475081, 63.4117788457361,79.3243589743456
2.06666666666667, 103.039626735765, 63.4038361374027,79.3096320779779
2.1, 103.046958466533, 63.4073484237274,79.3343115651577
2.13333333333333, 103.043189102217, 63.4090945508641,79.3257211538326
2.16666666666667, 103.038691906705, 63.4141626598384,79.3287192841746
2.2, 103.023694577645, 63.4271467677443,79.3084501869511
2.23333333333333, 101.084465143915, 61.1694678147866,77.4936531783509
2.26666666666667, 101.090745191992, 61.1736311427779,77.4983106302744
2.3, 101.102991452676, 61.157752403462,77.5108506943766
2.33333333333333, 101.025253739001, 61.1186698714113,77.4419471153163
2.36666666666667, 101.020930154599, 61.1401509077357,77.4353432157432
2.4, 101.042447916351, 61.1346320776077,77.4520332531363
2.43333333333333, 101.006416933445, 61.1513154376501,77.4096888354013
2.46666666666667, 100.21567507983, 60.7553018158615,77.2081196580443
2.5, 100.211211271069, 60.7537893959897,77.2062199518477
2.53333333333333, 100.218145699488, 60.7446781513319,77.2097422541979
2.56666666666667, 100.187960736881, 60.738351361802,77.1914897168048
2.6, 100.202871260386, 60.7287226224859,77.2290564903093
2.63333333333333, 100.199682825557, 60.7258112976996,77.2259314903092
2.66666666666667, 100.199098557394, 60.7305088137251,77.2251802883862
2.7, 100.180375266796, 60.740945512443,77.2046207264205
2.73333333333333, 100.484274839447, 60.9980836000451,77.7227363781284
2.76666666666667, 100.46651976466, 61.0106570508996,77.7224358973594
2.8, 100.48136351466, 60.999973290216,77.72713675206
2.83333333333333, 100.439933893934, 60.9905548874384,77.6868289262051
2.86666666666667, 100.423881543506, 61.0039463137202,77.6756076388112
2.9, 100.432642227267, 61.0034688831647,77.6928652509905
2.93333333333333, 100.41863314607, 61.010570245344,77.680134882401
2.96666666666667, 101.365811965509, 60.7838341342377,78.6175013354074
3, 101.363124331963, 60.7890391288957,78.6170038728005
3.03333333333333, 101.381426949484, 60.7769564632978,78.6341546473729
3.06666666666667, 101.324255475125, 60.7690671737679,78.5806857638256
3.1, 101.376979834099, 60.7526008276143,78.6355201655347
3.13333333333333, 101.370128872561, 60.7594618051782,78.6300814636115
3.16666666666667, 101.376829593714, 60.754644096845,78.6333967680988
3.2, 101.350724492219, 60.7635383276141,78.6113348022869
3.23333333333333, 102.000023370425, 63.8049212068727,80.7156049679334
3.26666666666667, 102.006467013587, 63.8085002667024,80.7193709935743
3.3, 102.023647836237, 63.8025674408477,80.7428852831058
3.33333333333333, 102.022075320211, 63.7966780177705,80.7497228899437
3.36666666666667, 102.028148370425, 63.7973157047364,80.7547809828922
3.4, 102.019317574485, 63.7977831192664,80.7450587606691
3.43333333333333, 102.022275640724, 63.7912192837961,80.7678485576781
3.46666666666667, 101.050203658897, 62.975554219685,80.1391760149206
3.5, 101.057221554196, 62.9716012282317,80.1477630875701
3.53333333333333, 101.017925346932, 62.9630909451119,80.1213441506042
3.56666666666667, 101.062453258256, 62.9418870188295,80.1864917200506
3.6, 101.059758947359, 62.9424479162656,80.1814436431268
3.63333333333333, 101.056580528556, 62.9459835733168,80.1813201121442
3.66666666666667, 101.020015357616, 62.9707632207535,80.1316740117171
3.7, 101.026639289239, 62.9742621523773,80.1478331997511
3.73333333333333, 101.902437232614, 64.4992321043896,81.8952657585414
3.76666666666667, 101.9260516824, 64.5095653041758,81.9138120993528
3.8, 101.880876068084, 64.4969350958421,81.8771300747811
3.83333333333333, 101.960813968725, 64.4742087336553,81.9674111912331
3.86666666666667, 101.964950587315, 64.4773871524579,81.9745025373864
3.9, 101.959531917444, 64.4818108971192,81.9808627136689
3.93333333333333, 101.924519230478, 64.4882946043838,81.9481637286264
3.96666666666667, 102.125066773206, 63.7332899301806,82.4242354433747
4, 102.121203925984, 63.7323250530442,82.4232171474346
4.03333333333333, 102.134862446283, 63.7220118853073,82.427206864315
4.06666666666667, 102.105622328762, 63.7188067571018,82.3923377403839
4.1, 102.129774305258, 63.7039830391506,82.4316406249984
4.13333333333333, 102.119457798848, 63.7053886214157,82.4239516559812
4.16666666666667, 102.128004807394, 63.7056590541081,82.4282284989301
4.2, 102.112276308463, 63.7112079323135,82.4113548344006
4.23333333333333, 101.757047943083, 65.1662727027387,83.0221621260575
4.26666666666667, 101.758269898212, 65.1670673074394,83.0245325854591
4.3, 101.756166532827, 65.1684428416264,83.0200587606731
4.33333333333333, 101.709057825562, 65.1644631407704,82.9790865384517
4.36666666666667, 101.700133546715, 65.1765624997459,82.9600160256321
4.4, 101.70974893133, 65.1793135681222,82.9733039529818
4.43333333333333, 101.66980835975, 65.1996461001745,82.9461338140925
4.46666666666667, 102.39009081167, 66.7603632476893,84.676308760646
4.5, 102.397940037097, 66.7635683758945,84.6824786324409
4.53333333333333, 102.39478498902, 66.7633513620056,84.6793903578682
4.56666666666667, 102.397248931328, 66.7645599624329,84.6815872061588
4.6, 102.393422809533, 66.7639322914927,84.6757779112871
4.63333333333333, 102.394214075559, 66.7646601226893,84.6767327723982
4.66666666666667, 102.396000266798, 66.7649105233303,84.6785723824409
4.7, 102.393796741157, 66.7639456461936,84.6760717147059
4.73333333333333, 101.380689102272, 66.1504340275943,84.2775974892818
4.76666666666667, 101.379901174922, 66.1468616451156,84.2778846153501
4.8, 101.383830795648, 66.145689770115,84.2817875266747
4.83333333333333, 101.378101628982, 66.1434728897731,84.2750166933416
4.86666666666667, 101.368830127913, 66.1497429218251,84.2626435630001
4.9, 101.382799145007, 66.1481236643464,84.279787660222
4.93333333333333, 101.36088741958, 66.1574552615686,84.2641326121454
4.96666666666667, 98.4708600425091, 66.4241953790361,85.521684695446
5, 98.4787226226372, 66.4255809292498,85.5302150106167
5.03333333333333, 98.4730034719963, 66.4247896632241,85.5250166933091
5.06666666666667, 98.4783587070389, 66.4255508811729,85.5298644497193
5.1, 98.4718983705005, 66.4247930018994,85.5228165063434
5.13333333333333, 98.4725327187912, 66.425413995489,85.5240251067707
5.16666666666667, 98.4765057422953, 66.4257545403608,85.5274105234373
5.2, 98.4717447914407, 66.4248931621558,85.5231436965143
5.23333333333333, 98.879116586295, 67.2864383010673,86.4410323182872
5.26666666666667, 98.8857371792436, 67.2859107903837,86.4469951922187
5.3, 98.8828325318077, 67.2859007743582,86.4454093214922
5.33333333333333, 98.8865084132179, 67.2862146098284,86.4494357637998
5.36666666666667, 98.8818576386453, 67.2863882209392,86.445656383458
5.4, 98.8813434826625, 67.2867821846145,86.4438868855948
5.43333333333333, 98.8818576386453, 67.2863882209392,86.4439469817487
5.46666666666667, 100.751412259355, 69.8214376334301,89.0251769496315
5.5, 100.756687366193, 69.8123831462506,89.0321748128794
5.53333333333333, 100.774959935637, 69.833710603516,89.0364750265547
5.56666666666667, 100.713955662133, 69.829684161207,88.9894063833924
5.6, 100.737493322389, 69.8310196312932,89.0036024304012
5.63333333333333, 100.726782852304, 69.8277410522334,88.9906416932217
5.66666666666667, 100.735633680295, 69.8293269229599,88.9926415596747
5.7, 100.714997328799, 69.8406116451818,88.9672542733504
5.73333333333333, 99.5825353897062, 70.0424212071509,89.5224425746226
5.76666666666667, 99.586702056373, 70.0393095618517,89.5188234506911
5.8, 99.5859842412019, 70.0374966612105,89.5187733705628
5.83333333333333, 99.5691172540223, 70.0365084133474,89.5067274303922
5.86666666666667, 99.5554787657747, 70.0444411056552,89.5115885415032
5.9, 99.5619324249627, 70.0448183759543,89.5415331194939
5.93333333333333, 99.5340377935531, 70.0598924945449,89.5131643962041
5.96666666666667, 99.5601929751788, 71.0249565971195,90.1859875799505
6, 99.5685530179137, 71.0240918802392,90.1913194442668
6.03333333333333, 99.5650908117172, 71.0248297274614,90.1836171205491
6.06666666666667, 99.5686999196231, 71.0242721687007,90.18777377119
6.1, 99.5648704591531, 71.0252236911367,90.181647302173
6.13333333333333, 99.5652310360762, 71.0254740917778,90.1821647968312
6.16666666666667, 99.5671073715462, 71.0257044603675,90.1844250799508
6.2, 99.5634081194095, 71.0259114582308,90.1811197914893
6.23333333333333, 99.5961271364974, 71.3078091612224,90.1807124731129
6.26666666666667, 99.5818476226088, 71.3085436697695,90.1594918534548
6.3, 99.6003038191896, 71.3089710201967,90.1638454859335
6.33333333333333, 99.5757845884206, 71.2984775640004,90.1470352562327
6.36666666666667, 99.5821180553006, 71.3077123396412,90.1364516558059
6.4, 99.6145566236761, 71.3132144763933,90.1536925746092
6.43333333333333, 99.5623631140611, 71.3201989849403,90.1120125532417
6.46666666666667, 98.7604166664205, 71.3392761751129,90.8554754271577
6.5, 98.7404280179163, 71.3475727830186,90.8565604966016
6.53333333333333, 98.7463808758222, 71.3386818909247,90.8658052882682
6.56666666666667, 98.713658520053, 71.3374499197709,90.8350060094228
6.6, 98.730785923899, 71.3315438033179,90.8682959399779
6.63333333333333, 98.7227764420615, 71.3320212338735,90.8631376867729
6.66666666666667, 98.7263788726169, 71.3344284187025,90.868189102371
6.7, 98.704844417489, 71.3446881676344,90.8463575051493
6.73333333333333, 97.9872028576626, 71.3331063033202,89.7923076921359
6.76666666666667, 97.9862112711241, 71.3318075586621,89.7917968748282
6.8, 97.9888655179191, 71.3280582263972,89.7967280981186
6.83333333333333, 97.9777644228336, 71.3188134347305,89.7927851226914
6.86666666666667, 97.9482405179193, 71.3369123930639,89.766038995555
6.9, 97.9515224356544, 71.3402176815254,89.7672609506832
6.93333333333333, 97.9238915595861, 71.3537025907135,89.7284354966239
6.96666666666667, 96.9615484773306, 71.4605168268246,89.5912326387209
7, 96.96364850404, 71.4607538727647,89.5936865650029
7.03333333333333, 96.9684428416467, 71.4554387018246,89.5978265222678
7.06666666666667, 96.9367321044672, 71.4518095618673,89.5716412925668
7.1, 96.9486712070312, 71.4504139956281,89.5935229699166
7.13333333333333, 96.9432491984842, 71.4499265490469,89.5871461002586
7.16666666666667, 96.9424045136552, 71.4536692039614,89.5878973021814
7.2, 96.923587740151, 71.4609909187048,89.5725427348741
7.23333333333333, 94.5764623395279, 69.6729834400115,88.7749732904244
7.26666666666667, 94.5776842946559, 69.6731236643705,88.7756610575183
7.3, 94.5782318373912, 69.6690538192848,88.7742755073048
7.33333333333333, 94.5409722220062, 69.6477564100947,88.7335603630751
7.36666666666667, 94.5235944175195, 69.6692374464215,88.7495259079467
7.4, 94.5341412925195, 69.6704493855249,88.7559862444849
7.43333333333333, 94.5048444175197, 69.6753104966369,88.734151308588
7.46666666666667, 92.9709568641228, 69.1856136483635,86.9274138620511
7.5, 92.9622829859179, 69.1883012819105,86.9189636750855
7.53333333333333, 92.9622329057896, 69.1863548342609,86.9186598556411
7.56666666666667, 92.9486879004474, 69.1807759079788,86.9064436430346
7.6, 92.9725761216012, 69.1796507744324,86.9244557958119
7.63333333333333, 92.9617421205331, 69.1813234507142,86.9115184293593
7.66666666666667, 92.9704093213876, 69.1816907049878,86.9189236109831
7.7, 92.9462907316441, 69.1846821579795,86.8870726494453
7.73333333333333, 93.1688501600532, 68.7206129805631,87.2451722754987
7.76666666666667, 93.1688334666771, 68.7207298341958,87.2447950051996
7.8, 93.1713708598396, 68.7215010681701,87.2471688032765
7.83333333333333, 93.1692508010788, 68.7208533651786,87.2451722754988
7.86666666666667, 93.169674812831, 68.7214643427427,87.2455428684474
7.9, 93.1733006141132, 68.7214042465888,87.2469517893875
7.93333333333333, 93.1710870724465, 68.720125533982,87.2452991451568
7.96666666666667, 90.658880875889, 68.3543169067953,85.8943008813144
8, 90.6640624998206, 68.3592581461127,85.8997095351604
8.03333333333333, 90.6580629004615, 68.35058760658,85.892481303323
8.06666666666667, 90.6184962605047, 68.3274205392684,85.8595252402898
8.1, 90.6330428684102, 68.3272369121329,85.866526442213
8.13333333333333, 90.6348958331538, 68.3245492785851,85.871170539435
8.16666666666667, 90.6326388887094, 68.3274439099968,85.8605902776832
8.2, 90.6079594015299, 68.3392694976036,85.8370526174275
8.23333333333333, 90.6174245457568, 67.6456263351223,85.849165331102
8.26666666666667, 90.613768696398, 67.6463908917468,85.8462573449909
8.3, 90.6329493855001, 67.6312967411035,85.855575587512
8.33333333333333, 90.6108874196878, 67.622572782772,85.8301048343078
8.36666666666667, 90.6058026173375, 67.6272836534947,85.8230368588804
8.4, 90.628836137636, 67.62092347721,85.8449218749055
8.43333333333333, 90.6098524303714, 67.6330729163152,85.8037326387954
8.46666666666667, 88.55278445497, 68.2537159452754,84.7788361377525
8.5, 88.5474659453546, 68.2508279912149,84.7702857905305
8.53333333333333, 88.5533386750553, 68.2433193106584,84.7749298877526
8.56666666666667, 88.5111712071072, 68.2451822914287,84.7439670138215
8.6, 88.5283186430042, 68.2462940702748,84.7608907584793
8.63333333333333, 88.5166466344574, 68.2474926546773,84.7498564368984
8.66666666666667, 88.5226529111667, 68.2525774570299,84.7537526708726
8.7, 88.4978966344578, 68.2603699249795,84.7284121260016
8.73333333333333, 88.5675747861656, 68.4318609773729,84.8454694176626
8.76666666666667, 88.5802717680031, 68.4198717946812,84.8382211537738
8.8, 88.5683126333879, 68.439292868403,84.8331096420218
8.83333333333333, 88.5348023502684, 68.4065838673286,84.7883680554847
8.86666666666667, 88.5239716878754, 68.4156483705353,84.7727530715107
8.9, 88.5348090276189, 68.4184127936132,84.785747195442
8.93333333333333, 88.5040464742004, 68.4329961269477,84.7586505074072
8.96666666666667, 88.0976595885221, 69.2101629272141,85.7763488246933
9, 88.0967815169409, 69.2125166932397,85.7756977830266
9.03333333333333, 88.1095419336073, 69.2134615383248,85.7924145298211
9.06666666666667, 88.0683627135229, 69.2073985041353,85.7637686964886
9.1, 88.0820846686508, 69.2095452722988,85.8009581996927
9.13333333333333, 88.0772970083945, 69.2081396900337,85.7965611644364
9.16666666666667, 88.0721754806168, 69.2143796740086,85.7956964475561
9.2, 88.0459602028394, 69.2264489849065,85.7720018695653
9.23333333333333, 87.8914797007032, 69.6328559026652,86.3566139154911
9.26666666666667, 87.8866419603187, 69.6371327456136,86.3537059293801
9.3, 87.8982705660878, 69.6309194710413,86.3630642360038
9.33333333333333, 87.8765257744213, 69.6194945244594,86.3511852295939
9.36666666666667, 87.8519564635242, 69.6329894496732,86.3366085736114
9.4, 87.8559962605327, 69.6432491986052,86.348203792628
9.43333333333333, 87.8148170404478, 69.6599425746733,86.3094484507486
9.46666666666667, 86.1288461537195, 69.9250434026581,85.9955829325931
9.5, 86.1227964742322, 69.9313167733847,85.9941105768239
9.53333333333333, 86.1250033385485, 69.9307291665471,85.9957932691315
9.56666666666667, 86.1231637285057, 69.9325454058633,85.9958867520375
9.6, 86.1247329058561, 69.9329126601369,85.9976562499007
9.63333333333333, 86.124198717822, 69.9323784721027,85.9966947114392
9.66666666666667, 86.1248130340613, 69.9325520832138,85.9974025105845
9.7, 86.1236444977365, 69.9321714742394,85.9963141024649
9.73333333333333, 85.5692174144106, 69.8501068374971,85.9706997862275
9.76666666666667, 85.5728999731713, 69.854777644121,85.9741419603726
9.8, 85.5846654646241, 69.8475694443344,85.9826121793895
9.83333333333333, 85.558834134496, 69.8421874998893,85.9750801281077
9.86666666666667, 85.550253739197, 69.8492554753172,85.9598991719116
9.9, 85.5600327188978, 69.8493956996765,85.9667968749029
9.93333333333333, 85.54529914518, 69.8561064368557,85.9500701120829
9.96666666666667, 84.7736311430529, 69.9038327990344,85.6931757477745
10, 84.7481503738221, 69.9048477562989,85.679927884527
10.0333333333333, 84.7535623663435, 69.9033820778804,85.6834168001252
10.0666666666667, 84.7217715009591, 69.9029513887777,85.6526842947843
10.1, 84.7477964742496, 69.9020065436926,85.671344150553
10.1333333333333, 84.7419838407026, 69.9021067039492,85.6674913193565
10.1666666666667, 84.7465144229675, 69.9024038460431,85.6686030982026
10.2, 84.7328024838651, 69.9058727295895,85.6523604432885
10.2333333333333, 85.3470385949642, 69.6579460468963,86.3480368588693
10.2666666666667, 85.349145299024, 69.6553118321526,86.3480201654932
10.3, 85.3603165062885, 69.6523404112123,86.3564536590826
10.3333333333333, 85.3281483706057, 69.6399238780918,86.3311097755364
10.3666666666667, 85.3369691505199, 69.6372061964681,86.3320245725449
10.4, 85.3571547808612, 69.6320279112114,86.3617955394244
10.4333333333333, 85.3324151975284, 69.6393796740316,86.3321547808779
10.4666666666667, 83.5731570511885, 69.7055355234164,85.8344484507596
10.5, 83.5572148770433, 69.7093683225617,85.8255008011872
10.5333333333333, 83.5549379005476, 69.708216479613,85.8256176548197
10.5666666666667, 83.5290097488383, 69.7081964475616,85.8073283919997
10.6, 83.5397569443511, 69.7095986911516,85.8322616184947
10.6333333333333, 83.5398103631546, 69.705886084314,85.8302450586657
10.6666666666667, 83.5354433759751, 69.710416666579,85.8294604699905
10.7, 83.5220920137957, 69.7160256409378,85.8196314101617
10.7333333333333, 82.6293870191516, 69.55464075845,85.8102363781124
10.7666666666667, 82.6251268695791, 69.5488214475526,85.8026676014032
10.8, 82.6346254005618, 69.5458767360138,85.8184061163601
10.8333333333333, 82.6295272435108, 69.5222322381503,85.8196814902917
10.8666666666667, 82.6075020031268, 69.5337573449882,85.8119090543945
10.9, 82.6128138353916, 69.5422409187058,85.8230101494798
10.9333333333333, 82.5639155982128, 69.5654847755437,85.7835536858057
10.9666666666667, 81.2342581463115, 69.4943008813098,85.5967715009802
11, 81.2415498129781, 69.4949051815234,85.6038394764073
11.0333333333333, 81.2378104967388, 69.4940604966944,85.6000166932878
11.0666666666667, 81.2403278578499, 69.4950020031046,85.6026275373048
11.1, 81.2376869657559, 69.4949953257542,85.5993489582451
11.1333333333333, 81.2377437232345, 69.4952457263952,85.5998397435014
11.1666666666667, 81.2386351495166, 69.4952991451986,85.6004139956382
11.2, 81.2361712072089, 69.4951889689166,85.5993289261938
11.2333333333333, 80.5251068375625, 69.6102363781206,85.804306890931
11.2666666666667, 80.5192073984601, 69.6126702723513,85.8040164261874
11.3, 80.524379006366, 69.6061965811123,85.8092280981958
11.3333333333333, 80.5231503738872, 69.5993055554705,85.8075988246915
11.3666666666667, 80.5106370191868, 69.6051382210693,85.8021067039653
11.4, 80.4993422809392, 69.6153111644472,85.808540331102
11.4333333333333, 80.4722990117086, 69.6318676548325,85.7885049411453
11.4666666666667, 80.1199619390644, 69.9528211804869,86.1989616719041
11.5, 80.1027377136375, 69.9597556089057,86.1956396900666
11.5333333333333, 80.1022469283811, 69.960650373863,86.2030248396394
11.5666666666667, 80.0710536858606, 69.9656850960852,86.1769698182725
11.6, 80.0837206196209, 69.9644163995039,86.2070579592974
11.6333333333333, 80.0818442841509, 69.9625801281364,86.201549145195
11.6666666666667, 80.0787593482535, 69.9681056356153,86.2081296740409
11.7, 80.0619491185531, 69.9729200052732,86.1945813300243
11.7333333333333, 79.6236778845865, 70.1428018161762,86.6161057691141
11.7666666666667, 79.6288628471932, 70.136314770236,86.6168970351396
11.8, 79.6253872862958, 70.1350427349798,86.6179620725327
11.8333333333333, 79.6046607905694, 70.1298577723728,86.5978999731744
11.8666666666667, 79.5970786591593, 70.1364683492959,86.6064202723196
11.9, 79.6006276709114, 70.1391693375437,86.6350427349261
11.9333333333333, 79.5855301815954, 70.1466546473727,86.6174879806531
11.9666666666667, 79.0282752403683, 70.5414129272944,86.9686832263705
12, 79.0272335737017, 70.5509682157559,86.9723624464556
12.0333333333333, 79.0332131410093, 70.5552417200295,86.9846754806433
12.0666666666667, 79.0026909722068, 70.5590311163967,86.9613281248745
12.1, 79.0129106570356, 70.5594818375506,86.9759348289342
12.1333333333333, 79.0082598824631, 70.5610643696019,86.9703725960284
12.1666666666667, 79.0063735309674, 70.5611511751574,86.9730101494472
12.2, 78.9852897969934, 70.5730134881916,86.9632912659004
12.2333333333333, 79.4272702991189, 70.5867421206735,87.9139857103206
12.2666666666667, 79.4295172275376, 70.5835536858443,87.9178485575425
12.3, 79.4609408386482, 70.5920205661864,87.9421006942942
12.3333333333333, 79.4303819444183, 70.5732538728104,87.8895332530562
12.3666666666667, 79.4250100159995, 70.5729901174683,87.8830862712186
12.4, 79.4384648771103, 70.5705428685368,87.9262586804057
12.4333333333333, 79.4208900907861, 70.5867220886224,87.8923310628852
12.4666666666667, 78.2723390758516, 71.6500300480293,88.2052250265539
12.5, 78.2711872329029, 71.6617788461062,88.2083466878781
12.5333333333333, 78.2754173343986, 71.6655315170463,88.213314636596
12.5666666666667, 78.2396300747843, 71.6355001334994,88.1717848556142
12.6, 78.2575787927324, 71.6387720352089,88.2146935094594
12.6333333333333, 78.2472923343994, 71.6440638354227,88.2058961002716
12.6666666666667, 78.2492988782027, 71.6474993322175,88.2142728363822
12.7, 78.230044738246, 71.6577223557217,88.1901609239894
12.7333333333333, 77.6279313568465, 71.9460369924758,88.5712640222772
12.7666666666667, 77.608390090821, 71.9616052349971,88.55340544856
12.8, 77.6158153044961, 71.9551282050827,88.5752537391575
12.8333333333333, 77.5954260149662, 71.9505108172622,88.5526075051837
12.8666666666667, 77.58087272971, 71.9590645031596,88.5571814902266
12.9, 77.5881610577014, 71.9625100159801,88.5728732637316
12.9333333333333, 77.5570646367621, 71.9823818108517,88.5557658919372
12.9666666666667, 77.8865351228675, 72.0458867520991,89.4203926280335
13, 77.8941573183802, 72.0466579860735,89.4272803149992
13.0333333333333, 77.8904213408162, 72.0466479700478,89.4222622861529
13.0666666666667, 77.8943342681665, 72.0472088674837,89.4263488246144
13.1, 77.8896300747906, 72.0453625800906,89.4208032850844
13.1333333333333, 77.8883413461581, 72.0464376335093,89.4209301547425
13.1666666666667, 77.8904480502179, 72.0477430555179,89.4230502135031
13.2, 77.8872729700897, 72.047198851458,89.4192474624349
13.2333333333333, 76.3810062767434, 72.261818910225,89.1246928417261
13.2666666666667, 76.3658854167007, 72.254270165567,89.1177584133073
13.3, 76.3709468483246, 72.2666099091567,89.1240618321114
13.3333333333333, 76.3428952991794, 72.2585369924901,89.0939002402316
13.3666666666667, 76.3359241453334, 72.2643563033874,89.0881410254881
13.4, 76.336605235077, 72.2674345619344,89.0997262284793
13.4333333333333, 76.3131410256761, 72.2775507478317,89.0863782049754
13.4666666666667, 76.601839610072, 72.0687499999763,89.4343215810373
13.5, 76.59250801285, 72.0644397702755,89.42225227014
13.5333333333333, 76.5947783119954, 72.070182291643,89.4214776974906
13.5666666666667, 76.5369858440477, 72.0745158920704,89.3558193107402
13.6, 76.5437199519536, 72.0824218749763,89.3441473021935
13.6333333333333, 76.5542634882784, 72.0810329860874,89.3621227295437
13.6666666666667, 76.5422475961845, 72.0938935630104,89.3340110842452
13.7, 75.4974559295315, 72.8411258012582,89.5514756942817
13.7333333333333, 75.4911558494033, 72.8544704860871,89.5564736910762
13.7666666666667, 75.4866018964119, 72.8548310630103,89.5563134346659
13.8, 75.4378772703449, 72.8528311965573,89.5014957263338
13.8333333333333, 75.4280749199176, 72.8611578525404,89.5112646900087
13.8666666666667, 75.4476862981223, 72.8467648236944,89.5599459132981
13.9, 75.4123130342341, 72.8698050213436,89.5353632477002
13.9333333333333, 75.4451221955581, 72.9111745459162,89.5698684560331
13.9666666666667, 74.8570579594533, 73.1430522168617,88.8127236910948
14, 74.8555622329577, 73.1425848023318,88.8109475158811
14.0333333333333, 74.8401642628726, 73.1446681356652,88.798060229556
14.0666666666667, 74.8610910791113, 73.1662226228445,88.7914095885307
14.1, 74.8591212607353, 73.1657752403658,88.7892928684453
14.1333333333333, 74.8570913462055, 73.1759415063913,88.7751135148132
14.1666666666667, 74.8469718216331, 73.185907451904,88.7566072381042
14.2, 75.2565504808112, 73.3454159989133,90.3451221953312
14.2333333333333, 75.259799011794, 73.3473557692124,90.3543002134932
14.2666666666667, 75.2613114316659, 73.3446514422894,90.3798677882785
14.3, 75.2177083333757, 73.3260216345973,90.3431690703309
14.3333333333333, 75.2399005075208, 73.3171240651529,90.3928852829364
14.3666666666667, 75.2324252137174, 73.3174479166486,90.383847489133
14.4, 75.2370359241875, 73.3182792467769,90.3905949517397
14.4333333333333, 75.2170205662817, 73.3237313034008,90.3703525639196
14.4666666666667, 73.9060797276219, 73.4559862446427,90.1449819709723
14.5, 73.8930221688613, 73.4592214209249,90.1392027241777
14.5333333333333, 73.9050614316817, 73.4521367521214,90.1580662391344
14.5666666666667, 73.876252003263, 73.4487947382324,90.1359475158442
14.6, 73.8547108707844, 73.4593583066085,90.134131276528
14.6333333333333, 73.8474959936478, 73.4680221687879,90.143289262639
14.6666666666667, 73.8135416667251, 73.4849225427193,90.1164797006738
14.7, 73.2957431891645, 73.446557825844,90.0375567572989
14.7333333333333, 73.2870225695065, 73.4530081463568,90.0239216077268
14.7666666666667, 73.2918936966431, 73.4453792734936,90.0232371793079
14.8, 73.2712239583955, 73.4431790865278,90.0014055820861
14.8333333333333, 73.2778812767715, 73.4438668536217,90.0118956996071
14.8666666666667, 73.273998397498, 73.4429353632371,90.0083867519576
14.9, 73.274545940233, 73.4453024839635,90.0095252402055
14.9333333333333, 73.2584602030538, 73.4502670940063,90.0015892092228
14.9666666666667, 73.3404947917228, 74.3828091613074,90.8714843747994
15, 73.3503705930048, 74.3870092147262,90.8861545136882
15.0333333333333, 73.3429520566801, 74.3875634348117,90.8796708064233
15.0666666666667, 73.3449285524066, 74.3871728098117,90.8810697113379
15.1, 73.3419070513382, 74.3874666132305,90.875901442107
15.1333333333333, 73.3633046207826, 74.3893529647262,90.9062867252262
15.1666666666667, 73.3574786325348, 74.3869858439998,90.9006610574912
15.2, 72.7339977297579, 74.3209869123789,90.7035456728779
15.2333333333333, 72.6812767094594, 74.3118556356696,90.6638989047164
15.2666666666667, 72.7057825855277, 74.3022970085329,90.6995726493738
15.3, 72.7011618590322, 74.3022168803278,90.6946581194594
15.3333333333333, 72.7026909722799, 74.3026241987038,90.6966012284337
15.3666666666667, 72.6857505342457, 74.3118189102423,90.6702457262975
15.4, 72.7021968483481, 74.3009014422938,90.7000868053567
15.4333333333333, 72.6880508814678, 74.289186030969,90.695262419673
15.4666666666667, 71.5791065705759, 73.6960236378174,90.1215311162697
15.5, 71.5471420940805, 73.6775874732877,90.0892060628517
15.5333333333333, 71.5767461272, 73.6751802884587,90.1501669335763
15.5666666666667, 71.5707532051915, 73.677654246792,90.1426649303713
15.6, 71.5693810096787, 73.6792868589715,90.1361244656279
15.6333333333333, 71.5550948184393, 73.6869290865355,90.1166032316537
15.6666666666667, 71.5946247329689, 73.6819878472192,90.1845920137034
15.7, 71.1999065171572, 73.637252938035,90.2096888352875
15.7333333333333, 71.2055154915161, 73.6330862713684,90.2128806087916
15.7666666666667, 71.1644998665164, 73.6231870993599,90.1818676547323
15.8, 71.1937266293371, 73.6130308493598,90.2306323449019
15.8333333333333, 71.1850327190806, 73.6106403579068,90.2228866184065
15.8666666666667, 71.1854500534825, 73.6133012820522,90.229006410073
15.9, 71.1722055289097, 73.6163227831204,90.2117154111418
15.9333333333333, 71.162276308824, 73.6219651442317,90.2044037124241
15.9666666666667, 70.4431056357478, 73.7435596955149,90.5729801013074
16, 70.4402176816878, 73.7481770833355,90.5703458865638
16.0333333333333, 70.4371561165166, 73.75113848825,90.5710236376322
16.0666666666667, 70.4413227831835, 73.7521400908141,90.5759915863502
16.1, 70.4386017628842, 73.7513287927372,90.572816506222
16.1333333333333, 70.4416099092519, 73.7524539262842,90.5762920671194
16.1666666666667, 70.4382077992089, 73.7510283119679,90.5697248929742
16.2, 70.5580729167274, 73.8699185363242,90.6233907583578
16.2333333333333, 70.5373330663004, 73.86938434829,90.609074519042
16.2666666666667, 70.5419704861723, 73.8709635416661,90.6093449517342
16.3, 70.5233640492064, 73.8690905448713,90.5930755874184
16.3333333333333, 70.5361912393772, 73.8679353632473,90.6049412391277
16.3666666666667, 70.5283253205738, 73.8678285256405,90.5993589741705
16.4, 70.5333934295482, 73.8702924679481,90.5993790062218
16.4333333333333, 70.5218583066849, 73.8745025373926,90.5765190970341
16.4666666666667, 70.9412994124535, 73.8222823183751,90.9917801814261
16.5, 70.9272970086074, 73.8256677350417,90.9737980767256
16.5333333333333, 70.937917334462, 73.8258046207255,90.9848190436058
16.5666666666667, 70.9063067575392, 73.8262720352553,90.9461438299315
16.6, 70.9430956197182, 73.8056891025633,90.9771233972388
16.6333333333333, 70.9339676816841, 73.8052951388881,90.9702791130509
16.6666666666667, 70.9405348558294, 73.8070679754265,90.9780749196747
16.7, 70.9284121261287, 73.8109708867513,90.9658052882645
